timestamp,src_ip,dst_ip,protocol,packet_size,latency_ms,is_anomaly
2025-06-12 18:32:49,118.219.252.166,93.130.54.136,UDP,425,94.81,0
2025-06-12 18:32:49,38.119.141.151,159.125.73.195,SIP,882,86.26,0
2025-06-12 18:32:49,225.1.249.254,95.146.160.214,TCP,1356,78.17,0
2025-06-12 18:32:49,76.112.144.233,75.160.253.18,SIP,649,81.31,0
2025-06-12 18:32:49,38.175.9.69,4.71.254.94,TCP,552,51.28,0
2025-06-12 18:32:49,102.184.76.71,191.231.71.10,SIP,142,11.47,0
2025-06-12 18:32:49,245.106.103.76,186.192.103.59,TCP,1355,70.07,0
2025-06-12 18:32:49,123.245.43.199,204.47.94.37,XXX,4784,953.19,1
2025-06-12 18:32:49,21.106.160.69,18.48.160.38,UDP,1144,79.03,0
2025-06-12 18:32:49,207.208.131.240,252.79.13.151,SIP,138,36.04,0
2025-06-12 18:32:49,67.147.243.252,13.230.150.247,TCP,769,48.86,0
2025-06-12 18:32:49,16.124.178.26,212.190.33.19,TCP,569,57.48,0
2025-06-12 18:32:49,177.233.140.157,46.85.226.45,RTP,1096,65.19,0
2025-06-12 18:32:49,164.101.222.49,238.27.240.237,TCP,676,88.06,0
2025-06-12 18:32:49,44.123.135.140,172.50.227.107,SIP,209,89.17,0
2025-06-12 18:32:49,239.28.234.204,120.10.55.198,VoIP,1448,45.16,0
2025-06-12 18:32:49,135.166.74.60,227.64.109.207,,3010,950.94,1
2025-06-12 18:32:49,47.9.11.148,125.224.76.136,TCP,884,92.76,0
2025-06-12 18:32:49,10.198.99.222,73.214.93.204,VoIP,428,24.42,0
2025-06-12 18:32:49,100.238.244.18,68.27.66.101,SIP,221,48.18,0
2025-06-12 18:32:49,185.244.36.166,43.107.165.233,UDP,236,79.17,0
2025-06-12 18:32:49,151.232.98.93,105.208.155.106,VoIP,121,88.65,0
2025-06-12 18:32:49,84.250.175.205,238.161.127.165,VoIP,226,85.44,0
2025-06-12 18:32:49,229.63.73.25,58.238.16.210,RTP,532,25.97,0
2025-06-12 18:32:49,45.223.211.120,67.117.215.206,RTP,505,50.28,0
2025-06-12 18:32:49,205.142.143.211,135.189.200.252,UDP,458,74.13,0
2025-06-12 18:32:49,78.61.112.201,96.245.219.155,VoIP,78,24.73,0
2025-06-12 18:32:49,141.120.247.243,181.253.143.59,VoIP,680,46.82,0
2025-06-12 18:32:49,190.60.94.250,167.173.147.8,UDP,633,64.39,0
2025-06-12 18:32:49,218.199.66.42,104.232.183.135,SIP,1184,10.91,0
2025-06-12 18:32:49,47.244.214.191,65.106.53.33,VoIP,1021,19.2,0
2025-06-12 18:32:49,176.21.16.196,126.223.148.200,XXX,4692,978.97,1
2025-06-12 18:32:49,154.234.99.206,206.206.111.253,VoIP,1320,49.76,0
2025-06-12 18:32:49,61.95.47.88,154.50.11.135,SIP,1428,63.31,0
2025-06-12 18:32:49,253.113.66.2,77.46.253.182,VoIP,1197,10.08,0
2025-06-12 18:32:49,227.110.159.54,101.130.208.154,UDP,246,20.68,0
2025-06-12 18:32:49,213.62.4.67,130.133.48.128,RTP,1134,89.8,0
2025-06-12 18:32:49,55.13.176.113,246.112.23.91,UDP,396,43.61,0
2025-06-12 18:32:49,246.177.229.225,90.149.100.44,RTP,420,80.81,0
2025-06-12 18:32:49,22.154.152.145,160.73.140.188,RTP,1332,19.33,0
2025-06-12 18:32:49,56.212.254.42,125.73.189.29,VoIP,562,90.65,0
2025-06-12 18:32:49,236.229.244.160,193.6.1.102,TCP,860,20.35,0
2025-06-12 18:32:49,239.101.40.214,211.180.72.230,VoIP,734,88.8,0
2025-06-12 18:32:49,99.42.121.219,35.16.138.76,UDP,1129,36.32,0
2025-06-12 18:32:49,161.181.167.85,64.238.253.78,VoIP,111,14.68,0
2025-06-12 18:32:49,233.45.197.18,187.181.102.53,RTP,1273,91.89,0
2025-06-12 18:32:49,185.159.77.175,181.93.58.26,UDP,107,50.54,0
2025-06-12 18:32:49,34.190.212.59,204.80.220.103,TCP,977,93.21,0
2025-06-12 18:32:49,184.162.60.220,226.121.162.57,VoIP,1192,68.15,0
2025-06-12 18:32:49,166.248.55.235,7.140.119.169,UDP,513,26.51,0
2025-06-12 18:32:49,89.34.93.188,69.189.43.64,TCP,843,34.57,0
2025-06-12 18:32:49,78.180.183.170,100.157.53.22,RTP,1277,50.8,0
2025-06-12 18:32:49,74.178.200.200,101.170.208.90,TCP,301,21.36,0
2025-06-12 18:32:49,246.43.241.26,184.46.212.11,SIP,574,61.31,0
2025-06-12 18:32:49,171.241.54.240,18.93.50.124,VoIP,1441,78.86,0
2025-06-12 18:32:49,217.149.44.40,243.12.230.20,UDP,1141,36.73,0
2025-06-12 18:32:49,63.100.199.98,95.188.234.203,UDP,1383,20.12,0
2025-06-12 18:32:49,75.218.40.246,153.65.165.219,TCP,145,90.08,0
2025-06-12 18:32:49,247.97.252.78,58.39.35.102,UDP,661,82.4,0
2025-06-12 18:32:49,45.212.134.146,79.30.206.186,UDP,1373,12.71,0
2025-06-12 18:32:49,134.237.242.121,22.83.159.118,TCP,1057,25.54,0
2025-06-12 18:32:49,251.192.4.214,218.140.252.116,SIP,1430,51.71,0
2025-06-12 18:32:49,252.139.214.41,145.39.155.49,SIP,227,32.1,0
2025-06-12 18:32:49,11.129.96.70,146.42.144.230,RTP,316,29.5,0
2025-06-12 18:32:49,8.51.201.68,204.20.142.117,RTP,1279,71.7,0
2025-06-12 18:32:49,24.4.68.67,200.146.126.43,VoIP,784,26.14,0
2025-06-12 18:32:49,3.45.171.109,248.91.31.140,VoIP,128,68.86,0
2025-06-12 18:32:49,109.235.169.234,169.152.197.131,VoIP,1085,35.52,0
2025-06-12 18:32:49,35.203.209.32,193.19.194.107,RTP,1295,62.23,0
2025-06-12 18:32:49,160.163.34.20,222.95.215.144,RTP,1255,73.1,0
2025-06-12 18:32:49,12.160.10.218,8.252.104.54,UDP,968,21.46,0
2025-06-12 18:32:49,44.183.50.198,68.173.231.65,RTP,875,87.85,0
2025-06-12 18:32:49,134.199.77.72,49.5.42.26,UDP,1164,28.21,0
2025-06-12 18:32:49,11.245.35.36,37.64.159.214,VoIP,904,42.62,0
2025-06-12 18:32:49,143.90.100.113,127.254.122.44,UDP,1320,75.68,0
2025-06-12 18:32:49,49.137.102.79,211.181.49.188,VoIP,871,17.58,0
2025-06-12 18:32:49,94.97.246.24,208.55.232.36,VoIP,574,88.31,0
2025-06-12 18:32:49,64.88.119.214,163.118.93.161,VoIP,754,86.89,0
2025-06-12 18:32:49,235.235.75.23,141.156.167.182,UDP,1280,12.56,0
2025-06-12 18:32:49,73.201.106.58,167.93.223.125,VoIP,978,70.79,0
2025-06-12 18:32:49,196.105.218.143,149.194.97.76,UDP,1020,14.49,0
2025-06-12 18:32:49,86.248.167.143,108.22.6.78,RTP,1201,76.81,0
2025-06-12 18:32:49,128.39.131.92,246.154.135.51,RTP,1109,76.58,0
2025-06-12 18:32:49,79.107.196.233,45.26.63.234,TCP,335,99.2,0
2025-06-12 18:32:49,182.78.97.120,143.71.160.183,SIP,1182,65.32,0
2025-06-12 18:32:49,21.200.107.128,181.119.252.49,TCP,137,17.5,0
2025-06-12 18:32:49,125.53.177.156,220.191.40.131,VoIP,176,43.05,0
2025-06-12 18:32:49,95.126.219.66,239.104.205.181,UDP,423,60.95,0
2025-06-12 18:32:49,230.185.220.151,12.233.194.221,RTP,944,25.07,0
2025-06-12 18:32:49,164.77.76.61,36.199.109.143,UDP,606,48.78,0
2025-06-12 18:32:49,150.23.209.134,243.125.80.201,SIP,647,64.28,0
2025-06-12 18:32:49,20.166.120.37,245.108.104.111,RTP,1219,61.82,0
2025-06-12 18:32:49,92.70.82.179,189.220.81.66,TCP,931,88.72,0
2025-06-12 18:32:49,68.136.167.168,189.152.229.162,VoIP,1172,93.09,0
2025-06-12 18:32:49,169.89.180.30,228.197.246.17,TCP,343,11.76,0
2025-06-12 18:32:49,20.10.148.180,201.19.248.117,UDP,157,57.62,0
2025-06-12 18:32:49,66.123.160.211,7.161.205.38,RTP,895,12.24,0
2025-06-12 18:32:49,186.183.91.246,70.98.141.115,VoIP,67,56.08,0
2025-06-12 18:32:49,40.188.42.209,89.195.233.103,SIP,192,73.21,0
2025-06-12 18:32:49,94.162.149.159,156.4.127.208,RTP,577,15.97,0
2025-06-12 18:32:49,106.59.100.86,42.50.48.231,SIP,1026,72.02,0
2025-06-12 18:32:49,105.71.123.101,22.236.100.103,UDP,195,46.43,0
2025-06-12 18:32:49,4.79.147.244,33.177.143.70,UDP,1247,38.1,0
2025-06-12 18:32:49,95.122.188.124,237.245.193.58,VoIP,422,35.96,0
2025-06-12 18:32:49,168.90.103.19,194.206.240.81,RTP,979,42.77,0
2025-06-12 18:32:49,221.243.158.140,208.45.133.112,SIP,1214,87.06,0
2025-06-12 18:32:49,228.90.189.148,185.38.135.140,RTP,149,17.64,0
2025-06-12 18:32:49,199.156.132.225,90.189.207.177,SIP,616,42.84,0
2025-06-12 18:32:49,118.125.7.87,77.109.239.139,UDP,1116,10.3,0
2025-06-12 18:32:49,4.106.123.181,119.19.49.179,VoIP,209,66.74,0
2025-06-12 18:32:49,28.145.180.65,86.74.61.31,TCP,316,56.38,0
2025-06-12 18:32:49,169.95.69.85,101.143.141.115,TCP,164,85.56,0
2025-06-12 18:32:49,249.219.93.243,142.236.111.18,SIP,390,14.14,0
2025-06-12 18:32:49,105.162.239.214,195.111.69.173,VoIP,1257,60.04,0
2025-06-12 18:32:49,253.49.100.5,166.26.202.124,VoIP,664,10.19,0
2025-06-12 18:32:49,131.41.106.201,205.120.193.9,TCP,241,66.27,0
2025-06-12 18:32:49,208.177.28.92,54.55.163.189,RTP,816,69.25,0
2025-06-12 18:32:49,84.229.117.234,195.100.155.34,RTP,1204,39.04,0
2025-06-12 18:32:49,4.86.161.22,186.116.140.111,RTP,513,80.25,0
2025-06-12 18:32:49,133.59.79.232,192.25.244.208,UDP,761,81.17,0
2025-06-12 18:32:49,119.250.7.196,136.190.66.125,VoIP,1184,75.54,0
2025-06-12 18:32:49,231.215.210.163,198.249.212.67,UDP,141,82.01,0
2025-06-12 18:32:49,190.131.100.172,124.95.28.84,UDP,1298,49.48,0
2025-06-12 18:32:49,227.122.56.247,45.112.60.78,VoIP,1288,20.48,0
2025-06-12 18:32:49,212.199.111.46,208.224.244.186,SIP,552,14.14,0
2025-06-12 18:32:49,233.58.238.226,185.245.52.87,TCP,333,35.64,0
2025-06-12 18:32:49,87.142.26.199,45.78.192.61,VoIP,456,56.62,0
2025-06-12 18:32:49,11.55.248.173,118.105.3.164,SIP,522,75.37,0
2025-06-12 18:32:49,214.102.108.147,248.104.114.165,VoIP,505,56.91,0
2025-06-12 18:32:49,239.85.243.147,237.235.22.128,UDP,662,47.01,0
2025-06-12 18:32:49,103.4.39.11,211.91.170.192,RTP,361,91.99,0
2025-06-12 18:32:49,182.229.114.70,138.71.49.59,VoIP,511,77.78,0
2025-06-12 18:32:49,72.8.158.105,100.197.186.211,VoIP,998,53.24,0
2025-06-12 18:32:49,180.244.142.192,101.132.184.232,SIP,1278,89.98,0
2025-06-12 18:32:49,5.34.3.25,5.169.224.8,TCP,419,73.54,0
2025-06-12 18:32:49,245.106.39.76,109.248.43.206,RTP,808,16.1,0
2025-06-12 18:32:49,211.186.65.181,36.87.132.163,UDP,1259,10.04,0
2025-06-12 18:32:49,142.211.140.8,187.121.4.102,,3714,311.82,1
2025-06-12 18:32:49,93.8.34.145,197.120.2.197,UDP,262,65.14,0
2025-06-12 18:32:49,172.86.162.241,106.236.241.165,SIP,558,73.19,0
2025-06-12 18:32:49,174.103.168.126,58.102.215.170,VoIP,982,69.08,0
2025-06-12 18:32:49,32.120.250.165,231.24.51.87,VoIP,1384,54.67,0
2025-06-12 18:32:49,209.113.25.230,226.166.113.37,VoIP,1243,25.13,0
2025-06-12 18:32:49,168.83.243.127,233.69.195.65,VoIP,590,69.28,0
2025-06-12 18:32:49,91.40.114.183,146.217.179.56,RTP,1126,84.21,0
2025-06-12 18:32:49,3.64.176.95,188.135.67.240,TCP,557,52.3,0
2025-06-12 18:32:49,114.143.189.248,91.167.178.125,VoIP,1273,22.97,0
2025-06-12 18:32:49,8.34.213.125,129.77.225.176,RTP,1437,95.42,0
2025-06-12 18:32:49,200.175.70.124,197.248.241.236,UDP,1088,72.59,0
2025-06-12 18:32:49,179.67.183.91,90.249.17.157,TCP,366,81.53,0
2025-06-12 18:32:49,247.35.4.67,208.143.102.222,TCP,756,55.45,0
2025-06-12 18:32:49,166.215.186.186,149.150.59.150,RTP,581,50.11,0
2025-06-12 18:32:49,29.164.109.141,105.89.171.61,UDP,464,12.8,0
2025-06-12 18:32:49,148.215.151.139,171.115.42.131,UDP,923,53.48,0
2025-06-12 18:32:49,168.146.245.200,141.134.182.69,SIP,1025,33.85,0
2025-06-12 18:32:49,98.248.240.124,73.229.22.153,SIP,210,16.5,0
2025-06-12 18:32:49,20.180.121.74,18.122.56.11,UDP,436,44.57,0
2025-06-12 18:32:49,104.16.130.195,247.227.246.35,RTP,1445,15.19,0
2025-06-12 18:32:49,108.128.76.187,240.164.174.39,TCP,888,76.17,0
2025-06-12 18:32:49,111.199.187.211,73.213.239.220,SIP,591,23.8,0
2025-06-12 18:32:49,166.106.9.56,234.24.45.115,VoIP,1244,20.56,0
2025-06-12 18:32:49,11.152.70.155,151.87.1.174,RTP,186,40.06,0
2025-06-12 18:32:49,125.43.212.18,69.127.73.22,TCP,209,51.4,0
2025-06-12 18:32:49,59.8.81.153,161.231.156.166,SIP,854,48.51,0
2025-06-12 18:32:49,80.216.252.27,31.140.214.117,TCP,396,29.99,0
2025-06-12 18:32:49,103.223.19.188,105.176.198.14,XXX,4686,813.99,1
2025-06-12 18:32:49,197.60.136.155,159.41.203.87,UDP,426,71.73,0
2025-06-12 18:32:49,158.104.8.141,142.41.82.198,,2237,478.11,1
2025-06-12 18:32:49,117.140.192.112,253.195.244.148,UDP,1463,87.5,0
2025-06-12 18:32:49,11.99.133.253,92.136.100.207,VoIP,638,43.3,0
2025-06-12 18:32:49,106.116.233.31,130.164.18.20,VoIP,798,15.88,0
2025-06-12 18:32:49,36.185.182.44,83.199.163.153,TCP,712,23.17,0
2025-06-12 18:32:49,1.78.140.58,226.17.192.75,TCP,1136,54.58,0
2025-06-12 18:32:49,205.68.246.22,142.142.141.28,VoIP,249,30.93,0
2025-06-12 18:32:49,24.128.146.9,120.167.62.191,TCP,1086,72.59,0
2025-06-12 18:32:49,62.10.221.170,6.13.152.82,VoIP,902,47.03,0
2025-06-12 18:32:49,158.161.31.141,147.121.141.151,RTP,189,82.97,0
2025-06-12 18:32:49,56.161.11.102,102.83.104.254,,3475,446.99,1
2025-06-12 18:32:49,98.191.81.31,33.81.211.199,RTP,1434,30.06,0
2025-06-12 18:32:49,145.2.61.117,190.237.123.62,RTP,298,34.98,0
2025-06-12 18:32:49,188.225.204.95,249.88.218.107,VoIP,1042,93.13,0
2025-06-12 18:32:49,212.163.243.12,124.30.200.185,VoIP,1118,12.39,0
2025-06-12 18:32:49,119.200.221.250,186.208.110.208,UDP,738,87.73,0
2025-06-12 18:32:49,92.236.244.99,6.102.73.7,TCP,673,32.55,0
2025-06-12 18:32:49,183.194.51.87,184.137.99.10,RTP,655,35.52,0
2025-06-12 18:32:49,155.103.47.187,177.109.108.58,UDP,1381,18.44,0
2025-06-12 18:32:49,243.70.29.55,87.188.191.48,TCP,1196,43.16,0
2025-06-12 18:32:49,176.216.228.160,31.61.85.19,TCP,438,43.82,0
2025-06-12 18:32:49,137.100.71.45,25.218.194.168,RTP,1225,45.14,0
2025-06-12 18:32:49,92.120.254.228,112.18.48.139,UDP,603,96.72,0
2025-06-12 18:32:49,11.11.170.134,79.204.157.130,UDP,1398,85.6,0
2025-06-12 18:32:49,184.108.20.220,163.233.203.217,TCP,531,44.46,0
2025-06-12 18:32:49,41.73.181.228,238.193.163.124,RTP,1169,27.49,0
2025-06-12 18:32:49,239.184.2.189,34.158.59.62,VoIP,518,14.45,0
2025-06-12 18:32:49,31.36.73.157,33.24.122.123,,2183,597.91,1
2025-06-12 18:32:49,153.136.148.243,112.173.194.242,SIP,934,61.85,0
2025-06-12 18:32:49,250.7.36.245,212.94.138.241,VoIP,437,43.4,0
2025-06-12 18:32:49,130.105.124.14,105.70.29.103,UDP,532,84.93,0
2025-06-12 18:32:49,113.135.177.53,197.22.30.56,VoIP,264,72.22,0
2025-06-12 18:32:49,128.175.240.86,217.52.184.253,SIP,598,11.1,0
2025-06-12 18:32:49,102.73.174.106,87.103.106.253,UDP,831,22.69,0
2025-06-12 18:32:49,131.157.130.69,43.86.185.87,UDP,1258,93.6,0
2025-06-12 18:32:49,42.58.219.69,139.91.113.229,SIP,1020,42.86,0
2025-06-12 18:32:49,128.65.139.174,31.55.254.72,XXX,4529,397.8,1
2025-06-12 18:32:49,207.195.119.107,207.252.5.3,UDP,618,71.07,0
2025-06-12 18:32:49,167.253.137.231,202.145.105.187,RTP,1437,16.12,0
2025-06-12 18:32:49,200.188.104.78,140.149.82.68,SIP,835,78.93,0
2025-06-12 18:32:49,192.23.39.55,212.160.165.235,SIP,1214,48.26,0
2025-06-12 18:32:49,1.169.157.220,198.142.211.54,RTP,692,85.68,0
2025-06-12 18:32:49,162.140.83.49,200.11.171.61,RTP,172,80.42,0
2025-06-12 18:32:49,144.146.136.5,218.153.192.19,RTP,345,14.91,0
2025-06-12 18:32:49,72.155.186.96,241.180.250.73,RTP,1475,30.76,0
2025-06-12 18:32:49,252.214.210.61,72.232.8.6,RTP,1318,61.53,0
2025-06-12 18:32:49,74.191.33.198,179.232.234.142,VoIP,350,92.44,0
2025-06-12 18:32:49,83.161.225.91,134.197.153.203,UDP,305,75.39,0
2025-06-12 18:32:49,80.71.120.73,139.227.62.250,VoIP,225,21.23,0
2025-06-12 18:32:49,39.18.251.7,41.101.188.47,UDP,1145,73.78,0
2025-06-12 18:32:49,145.104.57.241,52.101.21.241,TCP,594,30.45,0
2025-06-12 18:32:49,94.90.196.4,217.119.75.51,RTP,829,12.22,0
2025-06-12 18:32:49,127.57.62.163,82.27.50.194,UDP,265,60.12,0
2025-06-12 18:32:49,185.134.225.247,176.1.225.13,RTP,501,75.17,0
2025-06-12 18:32:49,194.67.127.15,136.196.193.98,SIP,695,49.19,0
2025-06-12 18:32:49,49.16.65.236,138.182.178.4,TCP,1135,95.29,0
2025-06-12 18:32:49,196.14.59.15,155.184.91.1,UDP,1446,34.0,0
2025-06-12 18:32:49,44.81.70.104,135.80.203.95,VoIP,1225,88.22,0
2025-06-12 18:32:49,147.62.168.82,163.81.201.125,TCP,856,53.95,0
2025-06-12 18:32:49,163.109.191.239,134.150.227.195,VoIP,1261,61.01,0
2025-06-12 18:32:49,189.200.185.182,4.235.151.128,RTP,1180,15.33,0
2025-06-12 18:32:49,169.244.171.185,103.206.117.233,TCP,1011,72.61,0
2025-06-12 18:32:49,209.38.141.195,240.77.137.106,UDP,1415,51.03,0
2025-06-12 18:32:49,121.177.192.161,120.202.112.72,VoIP,944,35.9,0
2025-06-12 18:32:49,202.249.104.77,129.61.132.86,RTP,957,62.78,0
2025-06-12 18:32:49,152.213.30.180,253.7.101.13,SIP,1289,16.3,0
2025-06-12 18:32:49,121.237.113.155,47.250.197.153,VoIP,946,51.76,0
2025-06-12 18:32:49,70.176.107.253,246.132.111.98,UDP,180,34.85,0
2025-06-12 18:32:49,142.120.254.210,9.110.150.108,TCP,1437,49.65,0
2025-06-12 18:32:49,8.120.75.17,2.219.19.58,XXX,3371,362.99,1
2025-06-12 18:32:49,199.36.77.144,25.163.82.46,TCP,80,10.79,0
2025-06-12 18:32:49,46.69.147.54,57.59.201.175,VoIP,883,28.86,0
2025-06-12 18:32:49,80.236.14.72,150.164.221.40,SIP,1063,46.43,0
2025-06-12 18:32:49,95.45.235.11,23.197.12.85,RTP,1046,50.14,0
2025-06-12 18:32:49,107.65.128.24,25.131.52.109,TCP,774,84.61,0
2025-06-12 18:32:49,44.151.216.73,56.109.177.251,VoIP,588,90.96,0
2025-06-12 18:32:49,83.250.39.72,60.176.19.97,UDP,569,86.19,0
2025-06-12 18:32:49,57.84.135.149,163.150.110.143,SIP,1395,18.66,0
2025-06-12 18:32:49,151.20.254.216,29.49.114.175,SIP,160,28.62,0
2025-06-12 18:32:49,247.74.150.94,4.159.12.58,SIP,1449,65.91,0
2025-06-12 18:32:49,159.141.243.123,217.216.60.254,UDP,1259,77.63,0
2025-06-12 18:32:49,129.223.239.137,212.209.230.51,RTP,767,31.28,0
2025-06-12 18:32:49,38.126.188.174,69.19.196.167,VoIP,477,63.28,0
2025-06-12 18:32:49,218.238.149.62,230.203.180.42,VoIP,877,31.13,0
2025-06-12 18:32:49,86.160.222.58,143.163.149.216,RTP,880,81.65,0
2025-06-12 18:32:49,11.125.15.231,243.157.20.150,RTP,206,75.43,0
2025-06-12 18:32:49,218.48.204.155,143.107.167.110,UDP,504,96.21,0
2025-06-12 18:32:49,113.212.230.188,253.186.213.57,TCP,835,36.09,0
2025-06-12 18:32:49,235.85.63.185,184.111.216.189,SIP,164,82.9,0
2025-06-12 18:32:49,150.141.49.55,96.192.161.52,RTP,424,55.65,0
2025-06-12 18:32:49,176.207.129.38,219.241.148.175,,2740,584.12,1
2025-06-12 18:32:49,210.185.128.12,183.233.161.101,TCP,1080,97.8,0
2025-06-12 18:32:49,156.221.116.197,4.130.212.184,TCP,510,79.65,0
2025-06-12 18:32:49,195.113.245.36,222.27.247.189,TCP,1164,98.54,0
2025-06-12 18:32:49,159.245.173.219,16.102.124.203,UDP,927,11.5,0
2025-06-12 18:32:49,27.228.198.225,221.85.241.221,RTP,262,57.39,0
2025-06-12 18:32:49,151.57.2.44,96.107.48.68,VoIP,1313,98.92,0
2025-06-12 18:32:49,169.151.218.253,89.5.246.72,RTP,462,12.73,0
2025-06-12 18:32:49,163.177.76.208,223.112.20.229,VoIP,278,48.17,0
2025-06-12 18:32:49,144.65.25.41,206.31.33.158,RTP,1366,94.64,0
2025-06-12 18:32:49,50.197.194.220,204.84.91.20,UDP,1252,97.37,0
2025-06-12 18:32:49,250.204.63.194,89.180.158.70,SIP,819,32.02,0
2025-06-12 18:32:49,154.18.20.34,4.110.85.179,VoIP,115,67.1,0
2025-06-12 18:32:49,102.97.167.219,202.36.39.247,UDP,128,38.65,0
2025-06-12 18:32:49,29.117.209.150,209.88.3.114,UDP,751,37.61,0
2025-06-12 18:32:49,5.91.231.244,252.132.124.131,SIP,1361,27.57,0
2025-06-12 18:32:49,24.105.47.91,214.149.153.78,VoIP,726,25.57,0
2025-06-12 18:32:49,63.219.210.89,175.210.233.85,RTP,245,97.09,0
2025-06-12 18:32:49,231.112.123.239,74.242.41.177,UDP,1057,11.58,0
2025-06-12 18:32:49,95.32.87.150,15.69.52.229,RTP,194,85.98,0
2025-06-12 18:32:49,53.227.247.188,18.240.188.142,VoIP,396,17.78,0
2025-06-12 18:32:49,251.199.118.124,167.247.210.184,UDP,496,63.15,0
2025-06-12 18:32:49,41.246.197.34,101.176.5.228,SIP,82,86.46,0
2025-06-12 18:32:49,128.31.218.233,93.134.172.2,TCP,115,26.7,0
2025-06-12 18:32:49,224.134.139.195,67.234.49.47,VoIP,411,70.42,0
2025-06-12 18:32:49,145.234.135.59,139.201.170.231,TCP,653,35.72,0
2025-06-12 18:32:49,52.52.1.166,169.137.225.126,RTP,954,56.35,0
2025-06-12 18:32:49,18.239.227.94,106.197.215.198,TCP,1346,79.91,0
2025-06-12 18:32:49,163.223.4.188,205.165.241.237,UDP,559,10.83,0
2025-06-12 18:32:49,5.167.239.146,226.139.38.127,VoIP,1472,31.58,0
2025-06-12 18:32:49,208.173.176.37,16.137.10.162,XXX,4251,911.56,1
2025-06-12 18:32:49,115.153.76.136,33.116.1.149,RTP,1041,18.04,0
2025-06-12 18:32:49,216.29.91.173,218.135.22.141,TCP,1500,59.11,0
2025-06-12 18:32:49,72.104.29.252,241.165.9.228,TCP,533,11.59,0
2025-06-12 18:32:49,48.33.133.51,13.208.129.219,SIP,525,10.1,0
2025-06-12 18:32:49,195.6.69.117,184.49.231.238,XXX,2063,647.62,1
2025-06-12 18:32:49,123.33.173.129,37.116.210.122,SIP,681,54.32,0
2025-06-12 18:32:49,196.68.33.89,201.229.94.30,SIP,1240,11.33,0
2025-06-12 18:32:49,92.87.190.171,59.71.129.55,SIP,242,41.66,0
2025-06-12 18:32:49,79.134.24.45,81.235.230.230,SIP,1233,15.16,0
2025-06-12 18:32:49,63.171.31.31,248.183.215.77,TCP,635,12.91,0
2025-06-12 18:32:49,187.238.231.17,133.52.234.83,UDP,1387,27.72,0
2025-06-12 18:32:49,7.210.175.29,54.166.79.202,VoIP,329,38.62,0
2025-06-12 18:32:49,211.75.25.156,124.131.109.131,UDP,546,14.58,0
2025-06-12 18:32:49,168.230.70.70,30.96.92.178,VoIP,470,10.56,0
2025-06-12 18:32:49,73.27.171.225,73.142.41.46,SIP,208,21.22,0
2025-06-12 18:32:49,182.111.231.202,149.63.244.232,RTP,700,55.67,0
2025-06-12 18:32:49,45.164.104.114,79.189.203.140,VoIP,887,21.02,0
2025-06-12 18:32:49,99.249.59.232,44.143.17.248,TCP,841,99.04,0
2025-06-12 18:32:49,199.238.14.67,2.105.212.105,RTP,1484,86.11,0
2025-06-12 18:32:49,70.88.47.114,90.63.131.102,TCP,1213,71.62,0
2025-06-12 18:32:49,192.216.52.215,37.65.104.233,SIP,1330,27.58,0
2025-06-12 18:32:49,175.65.185.42,39.239.168.69,RTP,1154,50.41,0
2025-06-12 18:32:49,165.143.67.210,157.11.181.127,SIP,220,86.61,0
2025-06-12 18:32:49,122.65.222.85,170.6.171.11,TCP,612,20.53,0
2025-06-12 18:32:49,46.97.57.44,154.200.32.2,TCP,772,67.28,0
2025-06-12 18:32:49,103.101.137.28,158.108.132.5,VoIP,944,15.74,0
2025-06-12 18:32:49,209.202.71.23,95.43.201.163,TCP,595,72.22,0
2025-06-12 18:32:49,142.215.61.125,49.115.116.22,RTP,151,75.98,0
2025-06-12 18:32:49,181.241.212.12,206.171.60.145,SIP,980,38.53,0
2025-06-12 18:32:49,249.234.106.76,63.208.77.239,TCP,364,38.67,0
2025-06-12 18:32:49,34.211.145.83,47.156.96.190,UDP,660,14.76,0
2025-06-12 18:32:49,211.139.142.171,6.99.196.155,RTP,316,74.29,0
2025-06-12 18:32:49,64.47.129.83,246.226.13.14,SIP,399,29.26,0
2025-06-12 18:32:49,239.128.243.246,27.133.180.133,RTP,882,38.97,0
2025-06-12 18:32:49,154.68.13.3,161.200.22.51,RTP,1233,63.74,0
2025-06-12 18:32:49,101.217.147.9,132.252.217.60,UDP,1111,86.26,0
2025-06-12 18:32:49,168.239.251.225,96.73.70.42,UDP,625,68.1,0
2025-06-12 18:32:49,208.195.91.8,178.30.3.193,XXX,3055,361.61,1
2025-06-12 18:32:49,13.63.118.157,94.174.243.5,VoIP,1107,41.71,0
2025-06-12 18:32:49,219.125.249.63,165.146.222.95,SIP,622,24.43,0
2025-06-12 18:32:49,27.149.84.112,62.230.162.228,UDP,1408,70.0,0
2025-06-12 18:32:49,190.210.206.125,53.20.243.15,UDP,581,54.36,0
2025-06-12 18:32:49,175.181.85.195,6.167.45.124,RTP,789,95.0,0
2025-06-12 18:32:49,217.19.39.47,36.176.189.111,VoIP,631,44.52,0
2025-06-12 18:32:49,125.209.44.9,78.57.201.220,VoIP,830,61.93,0
2025-06-12 18:32:49,248.46.149.251,184.2.129.170,VoIP,1158,12.06,0
2025-06-12 18:32:49,200.94.6.207,198.130.69.167,UDP,457,71.62,0
2025-06-12 18:32:49,54.81.170.209,152.119.82.185,TCP,798,56.53,0
2025-06-12 18:32:49,16.44.230.45,35.153.238.47,,3343,794.77,1
2025-06-12 18:32:49,49.56.196.102,165.216.224.238,RTP,1149,69.55,0
2025-06-12 18:32:49,35.91.131.31,60.161.5.244,UDP,284,57.99,0
2025-06-12 18:32:49,76.141.203.10,171.199.213.33,RTP,767,43.47,0
2025-06-12 18:32:49,50.161.129.113,143.152.35.36,RTP,117,20.24,0
2025-06-12 18:32:49,39.209.132.166,37.213.123.50,RTP,1051,95.7,0
2025-06-12 18:32:49,218.96.152.146,197.234.216.177,VoIP,1238,86.23,0
2025-06-12 18:32:49,60.44.66.108,218.35.126.146,TCP,442,18.43,0
2025-06-12 18:32:49,116.62.78.215,52.62.206.170,SIP,864,82.95,0
2025-06-12 18:32:49,205.43.217.69,223.70.252.197,TCP,1428,77.4,0
2025-06-12 18:32:49,74.217.178.93,173.181.1.102,UDP,708,38.86,0
2025-06-12 18:32:49,169.106.176.45,141.222.240.39,RTP,840,49.69,0
2025-06-12 18:32:49,178.161.95.35,38.164.211.173,XXX,3145,876.13,1
2025-06-12 18:32:49,110.42.24.36,47.203.117.245,VoIP,965,12.58,0
2025-06-12 18:32:49,149.228.41.90,23.237.15.135,UDP,226,19.36,0
2025-06-12 18:32:49,91.39.152.158,24.148.137.231,SIP,876,53.33,0
2025-06-12 18:32:49,100.153.230.149,193.30.22.232,TCP,997,41.24,0
2025-06-12 18:32:49,195.119.251.218,214.220.166.240,RTP,126,17.74,0
2025-06-12 18:32:49,151.114.91.69,157.138.137.106,TCP,773,65.62,0
2025-06-12 18:32:49,46.151.254.249,127.15.87.19,VoIP,645,90.39,0
2025-06-12 18:32:49,105.82.157.19,225.164.43.248,UDP,677,38.3,0
2025-06-12 18:32:49,250.154.111.24,123.153.235.230,UDP,1201,57.62,0
2025-06-12 18:32:49,183.137.161.249,232.115.249.14,VoIP,1018,70.42,0
2025-06-12 18:32:49,241.82.112.92,55.141.68.150,RTP,866,89.45,0
2025-06-12 18:32:49,183.203.113.226,148.31.158.180,XXX,3365,355.78,1
2025-06-12 18:32:49,109.32.207.121,192.77.157.188,SIP,773,33.43,0
2025-06-12 18:32:49,10.96.116.16,167.7.38.90,UDP,450,51.76,0
2025-06-12 18:32:49,31.89.225.110,48.24.157.105,,3820,951.59,1
2025-06-12 18:32:49,113.95.174.161,210.229.58.196,RTP,643,94.68,0
2025-06-12 18:32:49,87.254.94.161,25.78.83.220,SIP,764,80.6,0
2025-06-12 18:32:49,72.159.161.220,121.164.234.111,RTP,204,45.21,0
2025-06-12 18:32:49,44.106.60.132,172.12.176.210,TCP,428,98.7,0
2025-06-12 18:32:49,164.64.137.144,23.44.216.131,SIP,1173,73.37,0
2025-06-12 18:32:49,87.12.213.242,208.216.240.157,RTP,1186,14.33,0
2025-06-12 18:32:49,140.224.188.227,109.116.103.216,RTP,563,69.4,0
2025-06-12 18:32:49,11.160.189.77,182.67.160.252,RTP,538,45.12,0
2025-06-12 18:32:49,150.219.28.179,48.3.24.63,RTP,1022,63.75,0
2025-06-12 18:32:49,250.42.247.233,154.155.165.109,UDP,949,16.03,0
2025-06-12 18:32:49,202.209.147.128,204.31.164.141,,3552,614.63,1
2025-06-12 18:32:49,67.147.141.201,26.172.54.37,VoIP,132,23.85,0
2025-06-12 18:32:49,44.89.239.177,60.120.201.131,SIP,308,85.43,0
2025-06-12 18:32:49,46.231.61.209,57.104.187.207,VoIP,369,88.42,0
2025-06-12 18:32:49,194.138.237.49,224.234.185.205,VoIP,531,26.5,0
2025-06-12 18:32:49,166.69.186.4,181.105.192.149,UDP,1486,26.01,0
2025-06-12 18:32:49,31.247.176.92,204.5.107.210,UDP,243,35.47,0
2025-06-12 18:32:49,129.48.61.39,66.136.83.155,RTP,129,92.93,0
2025-06-12 18:32:49,140.91.91.124,12.173.68.139,UDP,518,66.76,0
2025-06-12 18:32:49,3.220.128.72,75.183.180.171,VoIP,615,66.08,0
2025-06-12 18:32:49,157.79.168.103,87.21.63.22,SIP,912,81.09,0
2025-06-12 18:32:49,70.35.181.169,43.41.77.253,UDP,720,37.36,0
2025-06-12 18:32:49,225.115.242.104,199.134.11.32,SIP,969,80.78,0
2025-06-12 18:32:49,198.208.73.100,115.231.81.18,XXX,4601,848.13,1
2025-06-12 18:32:49,216.218.172.172,46.140.79.37,SIP,1242,23.77,0
2025-06-12 18:32:49,242.99.128.89,143.157.48.165,SIP,575,22.94,0
2025-06-12 18:32:49,133.238.52.35,39.118.240.65,SIP,217,73.36,0
2025-06-12 18:32:49,234.35.138.195,240.83.73.21,SIP,830,78.09,0
2025-06-12 18:32:49,45.136.121.159,84.6.135.254,SIP,1476,67.02,0
2025-06-12 18:32:49,96.250.105.196,119.108.152.64,TCP,442,95.12,0
2025-06-12 18:32:49,118.138.239.143,11.211.28.43,RTP,747,52.48,0
2025-06-12 18:32:49,216.215.53.64,55.145.121.53,UDP,1047,57.22,0
2025-06-12 18:32:49,212.47.3.253,191.251.183.85,SIP,1414,16.01,0
2025-06-12 18:32:49,166.95.185.137,148.128.15.193,UDP,995,16.9,0
2025-06-12 18:32:49,192.81.165.72,69.252.237.163,VoIP,551,91.07,0
2025-06-12 18:32:49,175.57.52.137,188.192.135.249,RTP,881,18.32,0
2025-06-12 18:32:49,115.134.223.200,70.239.12.88,UDP,1381,53.6,0
2025-06-12 18:32:49,170.97.222.48,174.161.244.190,TCP,568,79.78,0
2025-06-12 18:32:49,200.135.101.248,170.14.22.251,TCP,385,21.01,0
2025-06-12 18:32:49,179.11.19.185,79.155.23.62,VoIP,404,72.97,0
2025-06-12 18:32:49,238.40.75.161,242.23.44.142,VoIP,1124,86.57,0
2025-06-12 18:32:49,101.76.220.108,77.86.114.85,UDP,691,37.04,0
2025-06-12 18:32:49,99.146.240.154,229.252.84.247,VoIP,89,26.87,0
2025-06-12 18:32:49,148.29.136.117,128.245.53.9,UDP,857,87.73,0
2025-06-12 18:32:49,195.24.44.159,41.62.145.246,UDP,903,75.91,0
2025-06-12 18:32:49,216.79.101.5,123.97.103.121,SIP,1216,41.09,0
2025-06-12 18:32:49,157.251.170.218,34.63.122.197,TCP,1042,64.31,0
2025-06-12 18:32:49,89.66.236.160,202.150.219.215,SIP,470,77.94,0
2025-06-12 18:32:49,228.242.212.205,112.178.90.10,TCP,1344,94.19,0
2025-06-12 18:32:49,71.150.250.219,12.202.202.224,VoIP,1104,34.64,0
2025-06-12 18:32:49,203.108.18.241,132.210.195.214,SIP,1321,81.43,0
2025-06-12 18:32:49,35.228.118.178,18.68.41.43,TCP,567,31.67,0
2025-06-12 18:32:49,153.222.215.30,77.19.80.152,SIP,424,83.03,0
2025-06-12 18:32:49,230.98.60.121,253.187.27.39,RTP,1492,54.48,0
2025-06-12 18:32:49,205.64.112.118,129.207.95.75,RTP,350,57.52,0
2025-06-12 18:32:49,246.18.70.52,81.82.226.143,SIP,616,95.41,0
2025-06-12 18:32:49,149.98.203.25,38.126.206.66,VoIP,353,44.03,0
2025-06-12 18:32:49,240.36.97.58,55.196.193.197,RTP,506,40.38,0
2025-06-12 18:32:49,5.56.166.58,39.241.56.192,UDP,168,59.73,0
2025-06-12 18:32:49,26.182.161.48,19.63.127.221,UDP,1263,74.08,0
2025-06-12 18:32:49,76.175.127.73,116.145.7.66,RTP,150,29.85,0
2025-06-12 18:32:49,33.117.94.132,213.176.197.86,SIP,1378,53.06,0
2025-06-12 18:32:49,92.236.244.108,57.12.67.85,TCP,492,62.67,0
2025-06-12 18:32:49,57.243.89.114,43.58.141.99,SIP,1435,29.81,0
2025-06-12 18:32:49,5.203.125.70,59.197.58.152,RTP,832,74.83,0
2025-06-12 18:32:49,187.102.175.5,67.202.174.61,VoIP,650,75.28,0
2025-06-12 18:32:49,81.94.15.72,106.34.217.6,VoIP,124,76.48,0
2025-06-12 18:32:49,78.152.211.61,200.187.138.101,VoIP,1049,85.14,0
2025-06-12 18:32:49,11.70.164.22,112.240.3.57,RTP,443,55.14,0
2025-06-12 18:32:49,178.191.250.124,99.40.248.99,UDP,460,68.07,0
2025-06-12 18:32:49,230.164.186.11,219.2.157.63,UDP,188,41.7,0
2025-06-12 18:32:49,35.224.4.168,225.21.57.217,VoIP,1165,51.56,0
2025-06-12 18:32:49,143.32.198.179,159.133.175.20,SIP,894,72.8,0
2025-06-12 18:32:49,129.119.225.214,28.149.6.150,RTP,775,22.41,0
2025-06-12 18:32:49,2.156.20.215,185.249.233.120,SIP,1382,57.06,0
2025-06-12 18:32:49,140.175.149.185,140.147.9.207,TCP,913,48.82,0
2025-06-12 18:32:49,178.7.33.246,185.37.21.46,RTP,280,87.13,0
2025-06-12 18:32:49,91.197.208.183,3.105.234.124,UDP,1301,30.57,0
2025-06-12 18:32:49,211.167.195.75,32.110.80.161,TCP,330,62.9,0
2025-06-12 18:32:49,252.150.202.155,39.159.189.113,RTP,277,26.82,0
2025-06-12 18:32:49,95.241.79.190,157.224.61.76,RTP,871,35.67,0
2025-06-12 18:32:49,161.195.31.186,252.53.23.143,,4888,323.59,1
2025-06-12 18:32:49,194.37.237.157,17.208.250.22,TCP,519,14.62,0
2025-06-12 18:32:49,35.249.139.28,176.214.49.34,RTP,1053,97.48,0
2025-06-12 18:32:49,21.18.216.240,74.135.68.115,TCP,1046,98.71,0
2025-06-12 18:32:49,65.111.32.178,229.112.45.126,,3537,479.23,1
2025-06-12 18:32:49,189.126.184.33,218.124.176.75,SIP,898,15.47,0
2025-06-12 18:32:49,238.134.19.175,244.16.56.174,VoIP,987,91.2,0
2025-06-12 18:32:49,242.125.169.194,197.172.220.129,TCP,98,43.87,0
2025-06-12 18:32:49,224.158.115.221,8.111.4.155,UDP,865,89.15,0
2025-06-12 18:32:49,178.237.129.240,224.21.66.67,UDP,1108,89.53,0
2025-06-12 18:32:49,128.207.6.87,170.121.43.214,UDP,166,90.73,0
2025-06-12 18:32:49,40.75.6.188,128.243.11.48,UDP,543,16.12,0
2025-06-12 18:32:49,98.252.239.191,21.242.122.249,UDP,1353,40.25,0
2025-06-12 18:32:49,111.62.38.91,129.130.165.25,UDP,1012,83.57,0
2025-06-12 18:32:49,222.66.17.129,120.73.131.154,VoIP,1179,92.15,0
2025-06-12 18:32:49,221.236.180.34,8.84.113.208,SIP,1004,96.79,0
2025-06-12 18:32:49,20.25.62.19,175.79.180.23,SIP,1041,73.21,0
2025-06-12 18:32:49,49.18.112.126,144.141.225.147,VoIP,414,13.67,0
2025-06-12 18:32:49,44.152.212.51,117.11.151.37,UDP,136,35.91,0
2025-06-12 18:32:49,131.39.78.92,88.33.119.135,TCP,724,88.21,0
2025-06-12 18:32:49,198.167.122.205,65.129.185.163,RTP,467,89.71,0
2025-06-12 18:32:49,218.178.162.181,82.203.140.71,SIP,755,99.25,0
2025-06-12 18:32:49,173.26.235.29,181.161.172.176,VoIP,796,17.58,0
2025-06-12 18:32:49,133.217.123.138,22.96.144.203,SIP,863,26.81,0
2025-06-12 18:32:49,127.180.202.105,25.96.193.185,SIP,1420,79.69,0
2025-06-12 18:32:49,79.122.243.14,17.237.180.192,TCP,960,78.83,0
2025-06-12 18:32:49,139.235.132.143,209.206.43.92,VoIP,1204,72.71,0
2025-06-12 18:32:49,159.250.139.59,105.105.191.242,SIP,1228,79.2,0
2025-06-12 18:32:49,139.200.141.154,20.44.104.11,UDP,561,74.6,0
2025-06-12 18:32:49,110.29.4.125,110.253.30.201,,3461,396.33,1
2025-06-12 18:32:49,214.58.133.26,135.24.67.129,RTP,639,51.83,0
2025-06-12 18:32:49,143.58.71.18,152.199.180.64,RTP,1096,19.82,0
2025-06-12 18:32:49,85.38.84.147,104.3.58.143,TCP,508,44.55,0
2025-06-12 18:32:49,44.107.97.5,208.231.35.116,SIP,580,67.28,0
2025-06-12 18:32:49,109.215.209.222,201.98.20.207,VoIP,346,90.22,0
2025-06-12 18:32:49,185.51.80.251,3.215.232.218,VoIP,1322,64.99,0
2025-06-12 18:32:49,234.39.11.63,97.246.203.101,SIP,1473,98.28,0
2025-06-12 18:32:49,102.153.143.4,87.57.120.180,VoIP,1160,16.84,0
2025-06-12 18:32:49,216.17.189.77,187.144.164.134,SIP,163,56.76,0
2025-06-12 18:32:49,111.146.118.215,178.103.20.170,SIP,1216,32.53,0
2025-06-12 18:32:49,124.182.209.79,11.198.199.253,UDP,626,26.68,0
2025-06-12 18:32:49,12.187.53.189,41.33.37.118,VoIP,532,71.0,0
2025-06-12 18:32:49,165.67.152.225,142.114.91.56,UDP,1079,99.13,0
2025-06-12 18:32:49,198.206.241.85,253.115.199.189,UDP,1145,95.08,0
2025-06-12 18:32:49,28.134.177.71,150.79.117.7,RTP,1124,20.74,0
2025-06-12 18:32:49,114.67.149.54,25.31.129.101,TCP,238,18.13,0
2025-06-12 18:32:49,198.197.24.184,172.137.232.95,UDP,1016,42.55,0
2025-06-12 18:32:49,199.70.222.142,194.149.32.164,RTP,800,13.12,0
2025-06-12 18:32:49,251.164.10.180,230.69.129.171,UDP,1065,55.87,0
2025-06-12 18:32:49,129.134.204.226,181.40.130.153,VoIP,391,78.53,0
2025-06-12 18:32:49,167.230.66.230,141.253.228.193,RTP,368,92.13,0
2025-06-12 18:32:49,200.81.205.18,22.157.179.205,VoIP,74,65.72,0
2025-06-12 18:32:49,62.230.238.167,241.34.188.250,VoIP,941,57.03,0
2025-06-12 18:32:49,115.157.227.181,189.252.105.190,UDP,543,77.48,0
2025-06-12 18:32:49,160.233.169.29,91.170.120.230,,2624,854.89,1
2025-06-12 18:32:49,191.208.252.113,253.129.186.162,VoIP,710,49.33,0
2025-06-12 18:32:49,67.120.42.55,182.177.138.204,VoIP,366,75.11,0
2025-06-12 18:32:49,164.119.45.46,213.146.112.109,TCP,226,57.73,0
2025-06-12 18:32:49,14.131.7.195,165.139.159.166,UDP,531,15.02,0
2025-06-12 18:32:49,94.192.98.77,61.177.121.106,SIP,1049,31.6,0
2025-06-12 18:32:49,140.231.93.99,81.185.136.253,TCP,549,30.33,0
2025-06-12 18:32:49,38.56.5.241,130.123.133.222,UDP,1360,81.65,0
2025-06-12 18:32:49,17.28.248.112,98.118.228.236,VoIP,419,83.83,0
2025-06-12 18:32:49,73.164.133.221,179.101.91.134,TCP,1366,40.32,0
2025-06-12 18:32:49,38.108.140.125,168.7.211.208,RTP,1197,13.73,0
2025-06-12 18:32:49,51.79.215.4,67.73.2.129,VoIP,1103,26.56,0
2025-06-12 18:32:49,63.135.193.154,238.10.70.131,SIP,1479,29.45,0
2025-06-12 18:32:49,83.5.73.181,239.159.30.185,UDP,1174,67.27,0
2025-06-12 18:32:49,157.198.32.9,20.24.80.185,UDP,1043,83.82,0
2025-06-12 18:32:49,114.253.158.126,104.106.181.134,UDP,69,37.25,0
2025-06-12 18:32:49,105.191.147.87,206.118.173.82,UDP,1228,39.39,0
2025-06-12 18:32:49,167.56.198.5,84.194.219.157,TCP,1303,82.03,0
2025-06-12 18:32:49,63.131.136.178,89.131.110.210,XXX,4895,580.11,1
2025-06-12 18:32:49,18.154.198.201,172.170.233.42,SIP,486,27.45,0
2025-06-12 18:32:49,132.145.162.252,58.197.120.228,TCP,589,39.68,0
2025-06-12 18:32:49,234.242.190.237,174.12.52.132,VoIP,1270,29.92,0
2025-06-12 18:32:49,149.139.175.181,145.199.142.128,UDP,1386,45.49,0
2025-06-12 18:32:49,148.194.116.99,22.213.135.149,VoIP,267,53.22,0
2025-06-12 18:32:49,118.59.212.10,200.169.241.27,RTP,691,90.12,0
2025-06-12 18:32:49,248.222.238.252,89.33.176.47,RTP,1154,18.49,0
2025-06-12 18:32:49,249.68.26.62,248.5.5.151,SIP,1168,47.82,0
2025-06-12 18:32:49,132.163.4.191,207.92.217.164,RTP,955,10.07,0
2025-06-12 18:32:49,35.207.198.239,108.116.231.74,RTP,944,45.55,0
2025-06-12 18:32:49,161.132.46.84,127.178.28.168,UDP,729,63.84,0
2025-06-12 18:32:49,37.8.55.186,110.48.30.216,RTP,1096,62.44,0
2025-06-12 18:32:49,86.9.151.27,242.160.155.223,VoIP,1391,59.68,0
2025-06-12 18:32:49,145.24.116.189,181.70.16.150,SIP,1278,70.61,0
2025-06-12 18:32:49,128.87.141.200,26.200.156.163,VoIP,617,17.24,0
2025-06-12 18:32:49,111.174.65.29,191.91.124.181,VoIP,1402,54.24,0
2025-06-12 18:32:49,215.48.182.243,198.57.208.204,UDP,566,82.94,0
2025-06-12 18:32:49,37.110.13.147,151.222.155.46,TCP,1366,76.29,0
2025-06-12 18:32:49,24.192.70.142,28.88.215.57,RTP,394,14.73,0
2025-06-12 18:32:49,110.92.50.246,73.166.25.20,RTP,1275,34.37,0
2025-06-12 18:32:49,221.16.208.1,233.62.127.203,TCP,795,83.96,0
2025-06-12 18:32:49,75.79.51.193,219.65.80.16,UDP,373,85.46,0
2025-06-12 18:32:49,225.88.195.185,136.47.58.26,TCP,1259,87.94,0
2025-06-12 18:32:49,170.235.129.204,42.101.47.114,SIP,1149,58.44,0
2025-06-12 18:32:49,47.96.127.157,219.5.222.69,UDP,1350,50.48,0
2025-06-12 18:32:49,35.44.161.238,140.47.9.97,RTP,603,87.27,0
2025-06-12 18:32:49,6.170.186.31,163.70.34.2,VoIP,1158,69.63,0
2025-06-12 18:32:49,104.110.64.121,192.59.116.90,VoIP,310,70.74,0
2025-06-12 18:32:49,2.149.11.158,126.169.140.229,XXX,4080,889.89,1
2025-06-12 18:32:49,67.52.71.186,68.104.192.154,TCP,627,95.87,0
2025-06-12 18:32:49,50.77.249.46,65.139.58.115,RTP,678,47.15,0
2025-06-12 18:32:49,40.199.38.169,248.192.49.164,UDP,680,60.52,0
2025-06-12 18:32:49,154.190.150.75,139.181.49.88,SIP,779,84.66,0
2025-06-12 18:32:49,172.199.12.156,178.135.29.203,UDP,974,43.54,0
2025-06-12 18:32:49,196.132.246.21,180.92.243.16,UDP,1103,47.24,0
2025-06-12 18:32:49,61.226.115.244,171.32.107.19,TCP,354,24.78,0
2025-06-12 18:32:49,136.180.58.116,106.234.199.42,VoIP,248,13.75,0
2025-06-12 18:32:49,248.145.3.243,112.62.184.175,TCP,509,65.76,0
2025-06-12 18:32:49,64.144.42.26,236.85.66.36,TCP,277,83.63,0
2025-06-12 18:32:49,20.192.31.252,230.160.217.176,RTP,1106,59.56,0
2025-06-12 18:32:49,177.123.147.119,98.105.166.76,UDP,572,12.16,0
2025-06-12 18:32:49,29.239.80.172,142.250.70.192,RTP,555,53.77,0
2025-06-12 18:32:49,124.121.223.76,173.6.202.209,RTP,531,81.71,0
2025-06-12 18:32:49,85.224.219.184,103.220.89.55,,4988,439.6,1
2025-06-12 18:32:49,192.226.14.17,140.108.233.86,RTP,1136,37.84,0
2025-06-12 18:32:49,185.104.155.1,131.177.52.96,SIP,597,40.59,0
2025-06-12 18:32:49,29.147.106.64,231.186.14.6,RTP,1184,37.66,0
2025-06-12 18:32:49,16.75.123.199,32.59.38.193,VoIP,1071,35.16,0
2025-06-12 18:32:49,229.156.184.109,215.207.71.107,SIP,1294,48.05,0
2025-06-12 18:32:49,115.21.211.144,73.170.56.114,TCP,695,46.0,0
2025-06-12 18:32:49,185.73.224.152,117.113.107.80,TCP,398,70.61,0
2025-06-12 18:32:49,90.186.6.249,126.141.111.183,TCP,1409,63.31,0
2025-06-12 18:32:49,73.226.80.39,89.218.124.96,VoIP,727,22.03,0
2025-06-12 18:32:49,173.142.140.139,145.249.232.185,TCP,671,60.96,0
2025-06-12 18:32:49,96.191.180.215,228.140.241.82,TCP,1497,27.59,0
2025-06-12 18:32:49,29.131.200.58,64.118.183.163,UDP,1113,47.29,0
2025-06-12 18:32:49,110.118.145.231,131.243.246.118,RTP,179,93.93,0
2025-06-12 18:32:49,164.200.246.167,118.110.9.248,TCP,764,11.59,0
2025-06-12 18:32:49,202.152.135.56,106.223.33.194,RTP,399,20.67,0
2025-06-12 18:32:49,54.11.113.137,126.214.197.138,TCP,494,64.89,0
2025-06-12 18:32:49,100.149.76.40,106.200.99.37,UDP,443,45.75,0
2025-06-12 18:32:49,121.143.102.91,164.241.221.22,VoIP,390,94.98,0
2025-06-12 18:32:49,92.233.119.117,60.3.187.37,UDP,72,81.11,0
2025-06-12 18:32:49,132.229.174.204,30.216.80.7,SIP,518,66.31,0
2025-06-12 18:32:49,111.64.169.70,144.153.252.225,VoIP,661,30.81,0
2025-06-12 18:32:49,45.29.209.46,247.208.170.245,RTP,357,96.84,0
2025-06-12 18:32:49,13.85.127.98,193.194.96.162,VoIP,812,14.88,0
2025-06-12 18:32:49,97.8.235.119,44.250.191.17,VoIP,1367,39.74,0
2025-06-12 18:32:49,231.215.181.151,253.241.218.82,UDP,1199,26.67,0
2025-06-12 18:32:49,132.192.75.66,67.198.147.53,VoIP,133,87.27,0
2025-06-12 18:32:49,214.236.209.194,238.201.212.150,UDP,1080,11.84,0
2025-06-12 18:32:49,117.172.223.160,191.145.25.15,RTP,1051,78.5,0
2025-06-12 18:32:49,241.55.163.143,64.54.56.185,SIP,1489,10.14,0
2025-06-12 18:32:49,101.250.149.204,58.119.132.163,,3756,825.6,1
2025-06-12 18:32:49,188.241.239.33,71.101.163.10,UDP,1134,48.02,0
2025-06-12 18:32:49,119.56.137.31,113.202.90.143,UDP,250,55.01,0
2025-06-12 18:32:49,72.224.15.133,157.174.55.242,UDP,99,59.23,0
2025-06-12 18:32:49,75.197.47.107,11.226.205.188,TCP,1053,39.98,0
2025-06-12 18:32:49,232.42.239.28,210.15.203.81,UDP,692,61.37,0
2025-06-12 18:32:49,248.72.82.224,53.225.31.165,TCP,975,95.65,0
2025-06-12 18:32:49,12.178.94.250,104.230.218.113,VoIP,87,23.23,0
2025-06-12 18:32:49,12.225.58.187,51.164.243.99,SIP,851,73.72,0
2025-06-12 18:32:49,140.177.98.84,103.159.206.241,,3778,565.83,1
2025-06-12 18:32:49,70.43.139.103,85.178.66.70,TCP,1221,61.26,0
2025-06-12 18:32:49,253.240.175.199,231.59.116.85,RTP,860,48.09,0
2025-06-12 18:32:49,173.63.77.192,76.175.94.119,UDP,196,36.98,0
2025-06-12 18:32:49,95.30.188.146,57.170.127.9,TCP,1238,64.87,0
2025-06-12 18:32:49,229.210.38.93,95.78.72.219,SIP,769,72.4,0
2025-06-12 18:32:49,85.195.223.88,154.87.8.155,RTP,1389,64.36,0
2025-06-12 18:32:49,8.34.54.104,223.161.166.177,TCP,862,27.06,0
2025-06-12 18:32:49,245.130.64.97,123.229.28.162,UDP,572,43.61,0
2025-06-12 18:32:49,143.66.65.85,244.1.112.12,SIP,184,89.08,0
2025-06-12 18:32:49,167.197.151.56,188.247.160.112,UDP,808,16.59,0
2025-06-12 18:32:49,16.250.20.1,81.164.234.59,TCP,747,13.66,0
2025-06-12 18:32:49,65.197.24.176,253.153.227.15,SIP,456,72.71,0
2025-06-12 18:32:49,129.103.164.56,178.193.88.85,VoIP,963,89.67,0
2025-06-12 18:32:49,101.25.232.134,119.215.208.224,TCP,267,21.89,0
2025-06-12 18:32:49,185.181.225.107,72.19.119.40,RTP,900,81.76,0
2025-06-12 18:32:49,37.179.227.244,16.134.231.153,VoIP,949,20.18,0
2025-06-12 18:32:49,4.201.72.32,31.83.4.195,UDP,450,54.58,0
2025-06-12 18:32:49,19.133.142.6,22.24.64.6,RTP,958,20.26,0
2025-06-12 18:32:49,214.108.39.25,197.182.5.205,VoIP,1421,10.26,0
2025-06-12 18:32:49,171.196.206.153,110.223.1.83,XXX,2298,538.53,1
2025-06-12 18:32:49,241.182.23.190,244.232.104.162,TCP,1056,93.3,0
2025-06-12 18:32:49,41.84.241.181,196.115.247.110,SIP,1487,52.49,0
2025-06-12 18:32:49,11.139.45.96,97.168.73.216,UDP,825,73.83,0
2025-06-12 18:32:49,197.159.89.68,76.202.20.84,SIP,1002,50.99,0
2025-06-12 18:32:49,45.204.76.26,122.62.20.115,SIP,330,90.31,0
2025-06-12 18:32:49,73.174.69.172,93.47.184.72,UDP,686,28.69,0
2025-06-12 18:32:49,35.21.191.31,12.163.135.125,SIP,1400,90.23,0
2025-06-12 18:32:49,235.159.129.210,220.139.158.72,,4439,564.98,1
2025-06-12 18:32:49,19.75.70.14,123.71.73.162,SIP,692,69.51,0
2025-06-12 18:32:49,99.159.157.32,196.96.166.145,TCP,647,29.16,0
2025-06-12 18:32:49,183.9.55.17,192.194.247.188,SIP,589,12.83,0
2025-06-12 18:32:49,186.141.131.127,194.44.188.18,TCP,1246,24.77,0
2025-06-12 18:32:49,51.122.65.131,166.12.229.216,RTP,1086,81.54,0
2025-06-12 18:32:49,40.8.186.169,103.248.18.37,SIP,1494,63.11,0
2025-06-12 18:32:49,239.105.12.147,153.219.41.41,RTP,1491,53.5,0
2025-06-12 18:32:49,29.110.128.234,241.198.118.41,TCP,617,70.9,0
2025-06-12 18:32:49,56.32.19.18,71.92.139.73,RTP,739,90.47,0
2025-06-12 18:32:49,65.216.116.103,186.180.152.196,TCP,494,14.37,0
2025-06-12 18:32:49,4.221.101.24,146.196.169.66,TCP,1380,70.24,0
2025-06-12 18:32:49,22.119.199.79,56.201.93.107,UDP,1195,73.89,0
2025-06-12 18:32:49,133.70.139.140,195.130.85.200,SIP,131,83.33,0
2025-06-12 18:32:49,179.180.37.176,170.130.97.251,RTP,160,46.11,0
2025-06-12 18:32:49,123.9.137.114,47.37.174.142,RTP,1483,46.51,0
2025-06-12 18:32:49,25.189.181.227,254.161.35.254,RTP,1458,83.4,0
2025-06-12 18:32:49,179.203.123.180,189.114.155.68,RTP,1084,30.86,0
2025-06-12 18:32:49,28.20.28.198,19.15.130.132,RTP,1315,92.29,0
2025-06-12 18:32:49,71.54.197.83,229.14.21.96,RTP,360,20.33,0
2025-06-12 18:32:49,164.123.16.174,201.188.55.102,TCP,1112,59.98,0
2025-06-12 18:32:49,225.237.59.192,17.7.100.213,RTP,397,17.14,0
2025-06-12 18:32:49,154.116.81.212,210.234.14.63,UDP,1330,29.22,0
2025-06-12 18:32:49,48.225.88.246,96.20.74.38,VoIP,71,43.53,0
2025-06-12 18:32:49,252.27.242.73,111.174.247.253,TCP,720,63.83,0
2025-06-12 18:32:49,86.236.174.246,45.233.223.136,SIP,684,84.48,0
2025-06-12 18:32:49,16.193.18.155,200.198.163.220,TCP,228,78.59,0
2025-06-12 18:32:49,71.216.64.53,106.83.162.189,SIP,444,28.08,0
2025-06-12 18:32:49,207.194.87.77,97.205.21.224,SIP,1319,93.44,0
2025-06-12 18:32:49,135.201.38.179,172.124.210.45,TCP,1451,97.83,0
2025-06-12 18:32:49,35.101.246.183,44.98.66.130,RTP,111,93.76,0
2025-06-12 18:32:49,185.51.3.151,159.196.58.11,VoIP,586,38.97,0
2025-06-12 18:32:49,127.124.112.5,234.106.61.124,VoIP,1320,56.96,0
2025-06-12 18:32:49,106.56.22.18,158.179.102.135,UDP,513,84.06,0
2025-06-12 18:32:49,167.202.246.32,100.207.138.253,TCP,781,39.39,0
2025-06-12 18:32:49,124.102.72.109,81.7.129.248,RTP,770,50.91,0
2025-06-12 18:32:49,200.227.37.144,114.93.161.71,VoIP,1145,24.04,0
2025-06-12 18:32:49,153.29.113.237,124.60.47.252,VoIP,377,69.6,0
2025-06-12 18:32:49,80.214.198.88,231.100.36.245,,2300,856.94,1
2025-06-12 18:32:49,11.244.121.162,164.249.76.95,VoIP,1143,26.59,0
2025-06-12 18:32:49,30.133.115.219,251.51.111.216,VoIP,514,43.06,0
2025-06-12 18:32:49,245.27.58.239,135.148.150.238,SIP,153,49.32,0
2025-06-12 18:32:49,13.130.13.41,8.119.137.136,RTP,1130,80.47,0
2025-06-12 18:32:49,184.14.93.91,60.140.72.237,RTP,187,72.52,0
2025-06-12 18:32:49,161.39.153.129,88.245.198.173,RTP,1332,79.3,0
2025-06-12 18:32:49,113.219.218.229,247.61.198.159,TCP,704,30.72,0
2025-06-12 18:32:49,253.108.105.148,243.238.52.215,SIP,796,18.0,0
2025-06-12 18:32:49,176.137.26.129,35.187.152.216,SIP,642,85.3,0
2025-06-12 18:32:49,188.168.57.254,124.86.1.115,RTP,142,83.46,0
2025-06-12 18:32:49,245.140.251.41,47.36.26.146,RTP,119,71.16,0
2025-06-12 18:32:49,128.77.10.107,103.166.216.252,TCP,1378,14.85,0
2025-06-12 18:32:49,182.196.223.153,57.177.89.187,TCP,765,87.75,0
2025-06-12 18:32:49,31.118.219.166,187.196.166.84,UDP,1359,35.68,0
2025-06-12 18:32:49,246.145.64.239,54.112.249.86,SIP,91,98.75,0
2025-06-12 18:32:49,52.232.33.204,205.123.199.108,SIP,787,37.07,0
2025-06-12 18:32:49,139.64.212.60,232.145.168.32,TCP,750,48.87,0
2025-06-12 18:32:49,74.240.253.11,243.180.202.71,UDP,717,22.15,0
2025-06-12 18:32:49,176.140.19.122,221.94.205.189,VoIP,230,78.07,0
2025-06-12 18:32:49,204.47.64.158,157.71.29.218,TCP,806,41.35,0
2025-06-12 18:32:49,221.235.4.12,136.209.76.98,RTP,596,94.44,0
2025-06-12 18:32:49,91.87.159.211,99.36.170.24,SIP,372,55.29,0
2025-06-12 18:32:49,209.136.121.130,145.110.193.18,RTP,133,54.13,0
2025-06-12 18:32:49,214.139.93.240,101.240.92.234,TCP,736,86.34,0
2025-06-12 18:32:49,167.113.3.61,29.160.176.159,VoIP,1402,47.61,0
2025-06-12 18:32:49,197.89.69.76,178.167.231.35,VoIP,762,10.7,0
2025-06-12 18:32:49,22.106.32.127,152.93.118.21,VoIP,247,54.96,0
2025-06-12 18:32:49,153.168.22.234,68.243.164.145,SIP,1483,28.72,0
2025-06-12 18:32:49,38.48.32.214,134.37.66.47,TCP,1317,41.92,0
2025-06-12 18:32:49,201.173.121.72,23.175.122.40,TCP,499,74.98,0
2025-06-12 18:32:49,2.201.194.181,108.9.105.140,VoIP,851,39.26,0
2025-06-12 18:32:49,157.135.114.227,225.104.100.235,TCP,1210,88.56,0
2025-06-12 18:32:49,200.71.177.199,165.165.72.156,TCP,1386,92.25,0
2025-06-12 18:32:49,111.84.28.53,117.247.123.90,RTP,1438,15.31,0
2025-06-12 18:32:49,252.249.75.248,206.108.149.157,SIP,1219,41.39,0
2025-06-12 18:32:49,83.43.130.233,211.73.129.132,RTP,1390,88.24,0
2025-06-12 18:32:49,24.250.192.192,96.77.180.89,SIP,166,73.76,0
2025-06-12 18:32:49,166.89.173.234,224.92.132.162,VoIP,1231,31.43,0
2025-06-12 18:32:49,28.248.179.196,213.161.77.148,SIP,784,31.51,0
2025-06-12 18:32:49,96.103.100.173,250.95.96.117,UDP,1420,51.08,0
2025-06-12 18:32:49,192.250.181.93,184.201.244.234,UDP,1034,27.12,0
2025-06-12 18:32:49,254.55.106.183,167.122.64.248,UDP,320,44.42,0
2025-06-12 18:32:49,181.43.166.162,226.112.157.182,UDP,1075,43.2,0
2025-06-12 18:32:49,211.200.101.8,22.30.71.46,RTP,544,43.42,0
2025-06-12 18:32:49,127.124.27.169,104.61.218.248,RTP,615,40.18,0
2025-06-12 18:32:49,134.227.5.30,130.52.152.1,VoIP,1149,67.36,0
2025-06-12 18:32:49,200.127.52.196,108.76.173.154,UDP,1435,28.67,0
2025-06-12 18:32:49,98.161.21.250,167.126.73.101,TCP,262,29.57,0
2025-06-12 18:32:49,23.147.143.219,168.78.12.172,UDP,1500,61.13,0
2025-06-12 18:32:49,45.56.253.39,194.142.109.48,UDP,616,73.83,0
2025-06-12 18:32:49,13.109.149.37,48.183.44.254,VoIP,1316,94.15,0
2025-06-12 18:32:49,70.171.93.84,232.252.4.244,UDP,772,72.44,0
2025-06-12 18:32:49,80.114.104.80,183.235.152.62,UDP,1097,77.24,0
2025-06-12 18:32:49,39.179.74.78,253.50.15.57,SIP,254,52.63,0
2025-06-12 18:32:49,160.254.128.253,144.149.8.195,SIP,216,88.41,0
2025-06-12 18:32:49,181.26.211.205,16.112.225.171,SIP,85,44.87,0
2025-06-12 18:32:49,94.138.186.73,177.142.135.196,UDP,389,87.37,0
2025-06-12 18:32:49,53.118.180.182,120.68.69.53,SIP,1119,33.13,0
2025-06-12 18:32:49,234.13.190.132,230.97.239.105,XXX,3565,671.75,1
2025-06-12 18:32:49,241.100.159.43,90.93.66.234,TCP,1415,25.14,0
2025-06-12 18:32:49,85.18.207.252,16.105.50.141,XXX,4807,616.26,1
2025-06-12 18:32:49,38.221.246.162,207.187.115.194,VoIP,718,77.96,0
2025-06-12 18:32:49,231.194.221.225,154.75.117.4,UDP,452,55.82,0
2025-06-12 18:32:49,217.2.22.121,51.175.176.129,RTP,595,10.97,0
2025-06-12 18:32:49,249.42.156.72,11.84.94.112,TCP,475,93.42,0
2025-06-12 18:32:49,2.62.141.72,25.245.189.113,UDP,89,37.08,0
2025-06-12 18:32:49,40.109.108.100,172.99.237.177,TCP,244,28.09,0
2025-06-12 18:32:49,23.204.145.185,83.121.19.105,VoIP,1195,67.2,0
2025-06-12 18:32:49,242.90.18.33,206.51.34.6,TCP,982,11.05,0
2025-06-12 18:32:49,34.7.113.127,89.94.81.243,UDP,1155,78.27,0
2025-06-12 18:32:49,210.190.77.197,182.196.177.78,XXX,3041,852.55,1
2025-06-12 18:32:49,99.194.165.77,149.226.106.153,TCP,926,39.27,0
2025-06-12 18:32:49,143.88.31.96,126.108.66.117,RTP,110,53.06,0
2025-06-12 18:32:49,204.156.134.133,128.227.107.178,UDP,1241,10.13,0
2025-06-12 18:32:49,84.162.6.167,199.213.64.64,UDP,1414,11.92,0
2025-06-12 18:32:49,236.158.21.141,203.127.98.115,TCP,655,80.96,0
2025-06-12 18:32:49,178.198.119.83,55.220.91.52,XXX,3507,646.52,1
2025-06-12 18:32:49,36.37.34.58,155.82.194.201,VoIP,282,24.43,0
2025-06-12 18:32:49,190.71.171.38,16.143.159.228,UDP,528,12.11,0
2025-06-12 18:32:49,13.229.156.105,98.210.138.82,TCP,218,15.2,0
2025-06-12 18:32:49,173.181.167.60,94.229.99.19,SIP,875,46.55,0
2025-06-12 18:32:49,131.204.166.70,236.143.107.215,TCP,823,30.66,0
2025-06-12 18:32:49,184.212.20.95,190.220.196.179,UDP,1311,44.9,0
2025-06-12 18:32:49,4.135.6.104,206.105.123.133,UDP,1014,37.91,0
2025-06-12 18:32:49,87.14.220.34,220.150.149.229,VoIP,61,60.97,0
2025-06-12 18:32:49,167.118.143.42,247.209.117.69,SIP,1475,70.35,0
2025-06-12 18:32:49,44.20.49.144,105.13.149.3,SIP,738,84.48,0
2025-06-12 18:32:49,16.94.68.237,238.243.104.75,TCP,1325,67.66,0
2025-06-12 18:32:49,253.200.190.99,252.227.106.130,,4198,747.47,1
2025-06-12 18:32:49,225.163.103.136,220.173.250.13,RTP,1143,67.73,0
2025-06-12 18:32:49,167.23.201.168,214.115.218.191,RTP,1063,18.87,0
2025-06-12 18:32:49,178.155.48.136,249.75.235.111,VoIP,175,41.19,0
2025-06-12 18:32:49,212.223.88.232,51.201.101.170,VoIP,1281,12.0,0
2025-06-12 18:32:49,127.143.86.117,193.240.65.101,VoIP,1217,91.81,0
2025-06-12 18:32:49,22.67.47.245,228.137.144.206,VoIP,1296,33.61,0
2025-06-12 18:32:49,62.150.27.144,85.95.158.114,UDP,1425,65.23,0
2025-06-12 18:32:49,156.235.213.214,213.214.20.116,TCP,783,88.79,0
2025-06-12 18:32:49,109.53.71.46,122.107.58.176,VoIP,806,97.52,0
2025-06-12 18:32:49,54.251.242.241,74.121.35.21,RTP,156,32.1,0
2025-06-12 18:32:49,39.155.151.86,121.94.46.123,TCP,850,99.82,0
2025-06-12 18:32:49,254.205.91.131,182.51.48.34,RTP,1376,69.21,0
2025-06-12 18:32:49,111.65.102.85,244.225.100.155,TCP,208,56.0,0
2025-06-12 18:32:49,32.28.157.117,164.228.45.114,TCP,923,86.96,0
2025-06-12 18:32:49,169.103.21.196,68.201.228.23,XXX,2612,912.74,1
2025-06-12 18:32:49,230.151.116.56,166.236.130.166,RTP,1030,79.17,0
2025-06-12 18:32:49,176.232.31.51,174.132.245.58,SIP,1380,92.78,0
2025-06-12 18:32:49,79.138.166.51,124.48.103.120,TCP,788,53.07,0
2025-06-12 18:32:49,180.197.160.245,55.230.218.37,VoIP,1049,36.75,0
2025-06-12 18:32:49,160.190.31.115,141.16.199.129,SIP,405,24.22,0
2025-06-12 18:32:49,76.186.136.42,213.15.185.224,UDP,730,76.3,0
2025-06-12 18:32:49,9.72.59.236,131.17.46.156,RTP,252,64.51,0
2025-06-12 18:32:49,117.10.223.99,16.35.170.156,RTP,1180,52.87,0
2025-06-12 18:32:49,191.211.43.236,162.53.208.166,SIP,1447,12.29,0
2025-06-12 18:32:49,38.227.199.59,212.151.107.46,RTP,138,26.87,0
2025-06-12 18:32:49,14.6.99.250,79.161.114.223,VoIP,1043,82.79,0
2025-06-12 18:32:49,93.79.40.223,98.75.248.231,RTP,1078,85.99,0
2025-06-12 18:32:49,96.174.139.28,58.185.121.225,VoIP,1085,12.87,0
2025-06-12 18:32:49,41.183.95.73,138.198.53.239,UDP,558,44.74,0
2025-06-12 18:32:49,240.188.78.31,36.186.80.9,UDP,314,87.71,0
2025-06-12 18:32:49,50.44.198.37,98.193.22.108,SIP,383,69.07,0
2025-06-12 18:32:49,167.202.201.26,18.29.116.43,VoIP,1408,91.61,0
2025-06-12 18:32:49,33.108.79.142,77.55.97.104,RTP,1340,14.88,0
2025-06-12 18:32:49,108.14.193.1,252.190.206.133,SIP,1382,47.5,0
2025-06-12 18:32:49,44.20.244.41,81.88.137.129,VoIP,242,11.1,0
2025-06-12 18:32:49,178.72.2.58,46.48.34.12,TCP,145,93.23,0
2025-06-12 18:32:49,10.185.240.50,122.145.106.213,VoIP,1149,23.62,0
2025-06-12 18:32:49,120.123.148.69,82.24.235.104,SIP,1174,36.75,0
2025-06-12 18:32:49,233.72.58.21,135.50.181.80,VoIP,71,54.96,0
2025-06-12 18:32:49,106.46.27.132,155.233.81.203,,4855,585.24,1
2025-06-12 18:32:49,245.238.19.114,157.79.160.141,TCP,1353,97.69,0
2025-06-12 18:32:49,77.5.233.219,215.131.19.186,TCP,524,47.26,0
2025-06-12 18:32:49,20.71.124.183,235.147.38.27,UDP,1475,29.11,0
2025-06-12 18:32:49,47.118.86.122,111.6.82.226,VoIP,1267,69.07,0
2025-06-12 18:32:49,221.176.61.242,115.166.65.214,VoIP,82,23.51,0
2025-06-12 18:32:49,174.88.82.2,10.239.65.252,SIP,297,84.81,0
2025-06-12 18:32:49,120.210.152.143,110.225.102.217,TCP,614,62.56,0
2025-06-12 18:32:49,97.189.175.234,4.239.163.92,TCP,802,91.68,0
2025-06-12 18:32:49,135.10.40.47,203.35.13.225,TCP,1319,70.72,0
2025-06-12 18:32:49,3.212.102.142,155.36.145.91,TCP,664,98.49,0
2025-06-12 18:32:49,23.153.166.97,9.39.228.79,SIP,616,90.32,0
2025-06-12 18:32:49,79.99.12.169,5.14.244.208,RTP,222,21.91,0
2025-06-12 18:32:49,46.224.35.120,26.120.68.158,RTP,982,37.36,0
2025-06-12 18:32:49,164.243.198.58,89.246.116.99,RTP,216,27.04,0
2025-06-12 18:32:49,154.60.132.104,102.149.193.137,TCP,306,79.2,0
2025-06-12 18:32:49,204.192.96.53,60.111.186.133,UDP,956,59.85,0
2025-06-12 18:32:49,109.166.228.69,173.18.219.151,VoIP,854,22.85,0
2025-06-12 18:32:49,210.135.207.94,87.140.136.16,TCP,130,20.18,0
2025-06-12 18:32:49,248.87.71.157,149.70.117.123,SIP,746,53.92,0
2025-06-12 18:32:49,172.159.79.43,230.232.227.117,UDP,149,86.74,0
2025-06-12 18:32:49,16.252.127.59,145.59.221.211,RTP,1419,52.23,0
2025-06-12 18:32:49,154.187.247.11,167.9.172.5,UDP,1461,44.05,0
2025-06-12 18:32:49,207.68.242.62,239.244.128.55,TCP,1169,11.79,0
2025-06-12 18:32:49,70.55.16.184,234.243.45.234,UDP,1362,99.1,0
2025-06-12 18:32:49,245.62.138.83,161.219.33.184,VoIP,256,14.48,0
2025-06-12 18:32:49,193.226.103.117,152.176.27.158,UDP,1466,44.72,0
2025-06-12 18:32:49,142.50.133.167,12.19.212.183,TCP,1379,70.4,0
2025-06-12 18:32:49,25.42.224.245,98.87.59.54,VoIP,648,38.51,0
2025-06-12 18:32:49,73.37.19.192,212.24.125.176,UDP,217,72.59,0
2025-06-12 18:32:49,172.188.153.10,205.43.47.79,XXX,4406,318.1,1
2025-06-12 18:32:49,50.98.243.92,35.104.24.21,TCP,582,26.31,0
2025-06-12 18:32:49,213.235.101.51,103.16.184.194,UDP,863,82.45,0
2025-06-12 18:32:49,146.179.115.64,150.187.92.41,SIP,1134,92.53,0
2025-06-12 18:32:49,114.133.248.137,175.142.104.108,SIP,531,65.47,0
2025-06-12 18:32:49,19.113.143.135,21.30.56.216,TCP,498,47.72,0
2025-06-12 18:32:49,18.62.139.193,226.234.143.159,VoIP,200,14.61,0
2025-06-12 18:32:49,9.145.149.124,190.119.163.134,VoIP,1360,60.25,0
2025-06-12 18:32:49,61.245.143.254,161.199.37.163,SIP,224,64.78,0
2025-06-12 18:32:49,87.33.248.254,17.169.148.59,RTP,1340,75.22,0
2025-06-12 18:32:49,64.134.158.84,126.210.215.91,SIP,856,19.66,0
2025-06-12 18:32:49,233.52.180.168,3.74.241.12,TCP,258,40.49,0
2025-06-12 18:32:49,225.125.240.165,151.131.140.63,SIP,471,68.37,0
2025-06-12 18:32:49,99.206.112.103,155.223.210.15,UDP,889,84.83,0
2025-06-12 18:32:49,82.172.63.222,101.125.230.139,SIP,1208,26.43,0
2025-06-12 18:32:49,122.64.142.20,217.68.128.44,SIP,633,92.69,0
2025-06-12 18:32:49,55.137.194.127,154.215.100.66,RTP,852,80.02,0
2025-06-12 18:32:49,170.196.7.6,31.54.175.79,UDP,775,70.13,0
2025-06-12 18:32:49,109.74.189.233,9.54.159.171,VoIP,826,38.37,0
2025-06-12 18:32:49,61.161.236.82,140.165.189.31,XXX,3445,740.73,1
2025-06-12 18:32:49,230.109.13.129,220.177.77.48,SIP,1307,32.63,0
2025-06-12 18:32:49,69.96.157.100,186.97.76.143,SIP,1275,53.95,0
2025-06-12 18:32:49,134.27.40.152,240.174.241.196,TCP,209,88.35,0
2025-06-12 18:32:49,6.150.161.10,213.200.252.84,VoIP,1338,83.36,0
2025-06-12 18:32:49,2.49.217.39,239.56.197.95,SIP,1438,39.8,0
2025-06-12 18:32:49,246.87.193.107,141.31.84.11,UDP,1148,84.99,0
2025-06-12 18:32:49,116.108.153.209,104.252.68.4,TCP,220,23.99,0
2025-06-12 18:32:49,223.124.208.145,28.159.117.246,UDP,988,12.07,0
2025-06-12 18:32:49,249.25.88.61,3.155.220.24,TCP,443,52.07,0
2025-06-12 18:32:49,150.186.11.133,58.178.11.190,RTP,789,77.15,0
2025-06-12 18:32:49,187.51.66.169,230.60.15.198,RTP,302,20.02,0
2025-06-12 18:32:49,133.220.254.181,56.59.246.205,VoIP,1018,30.07,0
2025-06-12 18:32:49,151.83.74.76,240.51.222.14,SIP,182,21.07,0
2025-06-12 18:32:49,192.33.236.90,166.153.112.253,RTP,366,67.85,0
2025-06-12 18:32:49,173.105.47.181,48.132.78.171,UDP,1152,63.7,0
2025-06-12 18:32:49,4.179.86.36,9.1.47.230,UDP,192,80.99,0
2025-06-12 18:32:49,74.209.4.164,135.53.188.22,XXX,4454,355.8,1
2025-06-12 18:32:49,159.200.103.118,11.171.136.158,TCP,525,50.51,0
2025-06-12 18:32:49,201.16.217.172,150.242.97.145,XXX,2759,885.76,1
2025-06-12 18:32:49,225.21.4.168,64.19.44.197,VoIP,810,10.85,0
2025-06-12 18:32:49,64.232.199.246,167.12.85.41,UDP,1308,81.31,0
2025-06-12 18:32:49,121.175.67.233,123.117.167.118,SIP,611,58.55,0
2025-06-12 18:32:49,97.233.252.98,58.44.73.192,RTP,248,52.88,0
2025-06-12 18:32:49,120.248.94.205,170.245.45.92,VoIP,878,24.49,0
2025-06-12 18:32:49,118.204.23.98,238.15.95.229,SIP,499,67.67,0
2025-06-12 18:32:49,198.168.198.243,135.105.182.82,VoIP,1421,48.93,0
2025-06-12 18:32:49,58.225.41.196,49.130.166.76,RTP,1270,72.34,0
2025-06-12 18:32:49,208.158.66.55,249.53.67.248,UDP,1240,19.7,0
2025-06-12 18:32:49,104.105.252.206,14.169.25.213,SIP,798,90.13,0
2025-06-12 18:32:49,186.52.102.6,70.41.225.138,VoIP,634,56.24,0
2025-06-12 18:32:49,134.54.101.247,98.37.222.159,UDP,227,91.07,0
2025-06-12 18:32:49,1.101.111.73,9.88.82.232,SIP,959,72.5,0
2025-06-12 18:32:49,157.3.121.40,15.104.120.144,SIP,1062,43.76,0
2025-06-12 18:32:49,91.69.219.149,153.142.181.238,TCP,1262,64.04,0
2025-06-12 18:32:49,33.67.143.25,86.133.89.250,TCP,848,28.37,0
2025-06-12 18:32:49,26.110.11.216,156.199.16.212,VoIP,340,90.87,0
2025-06-12 18:32:49,230.253.234.177,29.225.178.202,UDP,903,34.14,0
2025-06-12 18:32:49,192.5.224.200,38.40.117.145,TCP,1349,66.7,0
2025-06-12 18:32:49,35.89.76.97,225.164.184.73,SIP,241,86.52,0
2025-06-12 18:32:49,211.34.187.141,180.110.68.22,SIP,467,43.13,0
2025-06-12 18:32:49,64.38.224.228,102.171.200.2,UDP,1219,51.16,0
2025-06-12 18:32:49,54.12.70.57,61.155.44.35,TCP,409,70.13,0
2025-06-12 18:32:49,216.50.102.110,157.8.188.62,RTP,1500,52.3,0
2025-06-12 18:32:49,127.241.235.136,14.21.74.168,RTP,1107,19.99,0
2025-06-12 18:32:49,32.189.25.180,229.108.241.235,TCP,132,81.86,0
2025-06-12 18:32:49,105.64.196.182,60.124.219.175,RTP,722,17.96,0
2025-06-12 18:32:49,65.87.45.10,124.120.84.91,VoIP,66,34.77,0
2025-06-12 18:32:49,221.69.172.126,240.92.168.188,UDP,179,52.94,0
2025-06-12 18:32:49,246.22.117.227,96.180.50.242,TCP,380,22.1,0
2025-06-12 18:32:49,43.247.196.139,254.225.168.62,RTP,236,56.05,0
2025-06-12 18:32:49,34.113.121.184,224.95.58.140,,4298,327.17,1
2025-06-12 18:32:49,217.52.70.52,247.124.120.116,TCP,458,32.72,0
2025-06-12 18:32:49,173.25.2.185,147.137.71.30,TCP,424,99.41,0
2025-06-12 18:32:49,104.186.242.220,145.93.181.176,VoIP,762,55.39,0
2025-06-12 18:32:49,95.138.178.161,4.2.41.118,RTP,533,29.75,0
2025-06-12 18:32:49,204.238.105.75,247.241.50.3,SIP,998,95.82,0
2025-06-12 18:32:49,157.133.246.3,2.56.203.156,SIP,805,68.62,0
2025-06-12 18:32:49,173.132.40.222,170.196.195.97,VoIP,194,42.94,0
2025-06-12 18:32:49,178.59.35.75,191.100.231.165,TCP,674,93.54,0
2025-06-12 18:32:49,123.212.215.235,221.57.74.230,SIP,618,33.69,0
2025-06-12 18:32:49,65.105.98.45,229.240.191.209,TCP,1007,41.61,0
2025-06-12 18:32:49,81.110.80.96,136.184.185.166,TCP,216,65.11,0
2025-06-12 18:32:49,72.201.133.160,19.211.221.140,SIP,1271,31.37,0
2025-06-12 18:32:49,254.163.78.79,135.186.66.23,TCP,479,48.2,0
2025-06-12 18:32:49,112.228.61.118,118.11.5.98,VoIP,798,96.81,0
2025-06-12 18:32:49,253.82.68.190,195.151.225.250,RTP,630,35.31,0
2025-06-12 18:32:49,147.76.67.106,238.152.85.10,,4959,530.05,1
2025-06-12 18:32:49,209.177.134.116,210.238.174.73,SIP,253,12.92,0
2025-06-12 18:32:49,4.197.210.52,91.43.214.176,UDP,1441,30.99,0
2025-06-12 18:32:49,190.83.136.145,217.218.113.186,TCP,1066,94.53,0
2025-06-12 18:32:49,228.215.47.74,31.44.160.31,VoIP,1051,84.93,0
2025-06-12 18:32:49,67.20.130.142,137.237.94.61,RTP,1357,93.1,0
2025-06-12 18:32:49,160.214.113.57,80.136.89.33,VoIP,561,87.1,0
2025-06-12 18:32:49,185.5.48.5,116.50.184.82,TCP,1235,95.5,0
2025-06-12 18:32:49,94.150.242.208,194.16.150.76,VoIP,110,59.97,0
2025-06-12 18:32:49,217.148.19.100,175.238.121.187,UDP,707,92.97,0
2025-06-12 18:32:49,174.55.19.153,11.26.103.107,RTP,84,97.09,0
2025-06-12 18:32:49,91.211.120.106,20.209.121.40,TCP,622,31.04,0
2025-06-12 18:32:49,199.32.13.67,142.10.56.21,RTP,1325,26.79,0
2025-06-12 18:32:49,62.64.10.253,55.126.232.65,TCP,238,89.3,0
2025-06-12 18:32:49,45.91.151.67,213.242.238.91,VoIP,1478,12.07,0
2025-06-12 18:32:49,103.233.133.11,105.157.56.168,SIP,1235,14.5,0
2025-06-12 18:32:49,247.210.248.39,111.195.140.15,VoIP,205,89.08,0
2025-06-12 18:32:49,175.56.124.146,247.121.90.80,TCP,680,72.02,0
2025-06-12 18:32:49,182.58.32.158,107.64.46.134,RTP,533,33.56,0
2025-06-12 18:32:49,18.248.57.29,167.236.15.53,TCP,62,82.53,0
2025-06-12 18:32:49,173.128.19.149,143.95.139.104,VoIP,878,47.07,0
2025-06-12 18:32:49,229.238.20.22,80.93.173.27,RTP,1491,54.37,0
2025-06-12 18:32:49,127.39.180.249,111.170.80.72,SIP,1304,13.77,0
2025-06-12 18:32:49,29.148.176.152,20.33.137.38,RTP,1007,32.39,0
2025-06-12 18:32:49,18.245.65.19,199.78.98.29,,4086,728.41,1
2025-06-12 18:32:49,184.253.2.4,149.147.53.17,RTP,798,59.88,0
2025-06-12 18:32:49,27.191.8.243,217.131.7.18,UDP,243,46.16,0
2025-06-12 18:32:49,179.210.11.74,110.141.39.246,,3036,707.83,1
2025-06-12 18:32:49,3.195.20.235,113.67.146.72,UDP,1003,60.87,0
2025-06-12 18:32:49,25.148.241.89,42.94.50.35,UDP,1291,57.42,0
2025-06-12 18:32:49,235.163.91.21,94.77.142.218,VoIP,752,23.07,0
2025-06-12 18:32:49,174.35.164.197,27.226.252.198,SIP,452,29.4,0
2025-06-12 18:32:49,98.176.76.48,38.213.155.167,RTP,548,42.84,0
2025-06-12 18:32:49,141.169.151.241,154.192.206.202,XXX,2777,341.34,1
2025-06-12 18:32:49,158.168.9.112,111.168.12.62,VoIP,1407,80.0,0
2025-06-12 18:32:49,50.63.154.101,183.228.164.8,SIP,1011,57.13,0
2025-06-12 18:32:49,116.142.2.95,237.220.219.156,VoIP,197,24.93,0
2025-06-12 18:32:49,233.41.228.71,40.23.160.28,VoIP,1286,66.32,0
2025-06-12 18:32:49,72.5.219.167,51.52.252.211,VoIP,73,72.5,0
2025-06-12 18:32:49,41.110.43.119,78.100.91.20,UDP,940,13.83,0
2025-06-12 18:32:49,124.112.225.104,173.184.227.65,TCP,126,34.81,0
2025-06-12 18:32:49,218.52.226.106,1.145.173.89,SIP,84,83.55,0
2025-06-12 18:32:49,149.41.60.174,105.51.220.250,SIP,175,83.55,0
2025-06-12 18:32:49,128.147.138.162,156.3.194.119,VoIP,1265,92.09,0
2025-06-12 18:32:49,57.157.10.142,100.238.124.130,RTP,1115,18.77,0
2025-06-12 18:32:49,129.86.121.14,11.107.119.236,UDP,969,23.31,0
2025-06-12 18:32:49,248.169.155.137,90.185.210.172,UDP,155,47.54,0
2025-06-12 18:32:49,213.40.13.113,249.18.66.37,SIP,891,77.3,0
2025-06-12 18:32:49,245.6.161.131,131.250.228.85,UDP,1256,49.17,0
2025-06-12 18:32:49,76.236.45.231,225.108.214.71,SIP,397,95.06,0
2025-06-12 18:32:49,78.66.147.159,170.227.243.172,RTP,833,19.99,0
2025-06-12 18:32:49,243.215.146.16,46.121.201.226,SIP,369,12.4,0
2025-06-12 18:32:49,212.134.103.231,173.26.130.3,VoIP,1107,17.92,0
2025-06-12 18:32:49,45.177.187.236,229.69.108.177,TCP,480,48.94,0
2025-06-12 18:32:49,219.71.165.55,57.226.141.184,SIP,1423,73.82,0
2025-06-12 18:32:49,97.61.36.17,131.58.53.73,SIP,1028,84.59,0
2025-06-12 18:32:49,246.30.243.29,96.173.185.14,RTP,775,59.05,0
2025-06-12 18:32:49,101.173.237.101,43.19.128.236,TCP,82,71.94,0
2025-06-12 18:32:49,232.2.113.183,151.122.59.105,UDP,1410,60.98,0
2025-06-12 18:32:49,64.247.30.47,213.122.168.20,RTP,60,54.85,0
2025-06-12 18:32:49,170.184.220.201,125.61.233.167,UDP,643,67.64,0
2025-06-12 18:32:49,26.91.181.206,189.31.13.247,TCP,384,13.88,0
2025-06-12 18:32:49,170.133.51.164,11.137.8.197,VoIP,1440,82.97,0
2025-06-12 18:32:49,144.57.206.183,215.96.106.215,SIP,172,94.07,0
2025-06-12 18:32:49,226.176.58.36,4.57.155.84,UDP,1012,30.32,0
2025-06-12 18:32:49,84.77.237.117,130.58.184.42,UDP,367,26.19,0
2025-06-12 18:32:49,1.73.6.106,169.122.117.60,RTP,1197,64.15,0
2025-06-12 18:32:49,8.144.52.96,86.26.87.225,VoIP,669,25.9,0
2025-06-12 18:32:49,122.151.58.195,180.216.116.184,RTP,866,34.93,0
2025-06-12 18:32:49,61.65.82.154,69.126.68.1,TCP,175,97.15,0
2025-06-12 18:32:49,128.26.47.174,180.172.152.45,RTP,588,99.2,0
2025-06-12 18:32:49,52.216.252.172,224.183.56.91,RTP,1335,52.15,0
2025-06-12 18:32:49,107.231.53.92,225.75.55.196,SIP,853,31.91,0
2025-06-12 18:32:49,38.195.148.141,197.111.140.119,SIP,442,40.22,0
2025-06-12 18:32:49,14.79.138.219,130.14.22.45,RTP,1172,87.56,0
2025-06-12 18:32:49,149.19.57.52,181.177.46.70,,4638,347.44,1
2025-06-12 18:32:49,230.167.183.201,60.114.239.76,TCP,788,38.83,0
2025-06-12 18:32:49,23.11.75.226,245.1.220.103,VoIP,547,97.36,0
2025-06-12 18:32:49,220.58.200.231,221.33.13.124,SIP,273,38.9,0
2025-06-12 18:32:49,103.175.182.153,88.198.92.47,RTP,120,20.52,0
2025-06-12 18:32:49,8.242.143.243,146.161.174.71,VoIP,630,52.44,0
2025-06-12 18:32:49,225.254.102.154,207.107.50.168,,4723,914.1,1
2025-06-12 18:32:49,114.113.164.161,12.215.11.189,SIP,763,70.37,0
2025-06-12 18:32:49,131.204.52.165,110.250.130.145,TCP,839,18.05,0
2025-06-12 18:32:49,232.170.20.63,112.176.150.172,RTP,887,89.0,0
2025-06-12 18:32:49,52.148.171.28,42.214.37.185,SIP,1185,96.59,0
2025-06-12 18:32:49,99.122.253.74,106.113.215.137,TCP,282,85.39,0
2025-06-12 18:32:49,60.100.28.227,48.247.150.215,RTP,1155,97.6,0
2025-06-12 18:32:49,206.151.157.165,48.138.240.181,SIP,1018,94.36,0
